ID,Target
Q1000_keywords, 
Q1000_paragraph(s)_number, 
Q1000_question_answer, 
Q1000_reference_document, 
Q1002_keywords, 
Q1002_paragraph(s)_number, 
Q1002_question_answer, 
Q1002_reference_document, 
Q1004_keywords, 
Q1004_paragraph(s)_number, 
Q1004_question_answer, 
Q1004_reference_document, 
Q1006_keywords, 
Q1006_paragraph(s)_number, 
Q1006_question_answer, 
Q1006_reference_document, 
Q1007_keywords, 
Q1007_paragraph(s)_number, 
Q1007_question_answer, 
Q1007_reference_document, 
Q100_keywords, 
Q100_paragraph(s)_number, 
Q100_question_answer, 
Q100_reference_document, 
Q1010_keywords, 
Q1010_paragraph(s)_number, 
Q1010_question_answer, 
Q1010_reference_document, 
Q1015_keywords, 
Q1015_paragraph(s)_number, 
Q1015_question_answer, 
Q1015_reference_document, 
Q1017_keywords, 
Q1017_paragraph(s)_number, 
Q1017_question_answer, 
Q1017_reference_document, 
Q1022_keywords, 
Q1022_paragraph(s)_number, 
Q1022_question_answer, 
Q1022_reference_document, 
Q1025_keywords, 
Q1025_paragraph(s)_number, 
Q1025_question_answer, 
Q1025_reference_document, 
Q1026_keywords, 
Q1026_paragraph(s)_number, 
Q1026_question_answer, 
Q1026_reference_document, 
Q1027_keywords, 
Q1027_paragraph(s)_number, 
Q1027_question_answer, 
Q1027_reference_document, 
Q102_keywords, 
Q102_paragraph(s)_number, 
Q102_question_answer, 
Q102_reference_document, 
Q1031_keywords, 
Q1031_paragraph(s)_number, 
Q1031_question_answer, 
Q1031_reference_document, 
Q1033_keywords, 
Q1033_paragraph(s)_number, 
Q1033_question_answer, 
Q1033_reference_document, 
Q103_keywords, 
Q103_paragraph(s)_number, 
Q103_question_answer, 
Q103_reference_document, 
Q1041_keywords, 
Q1041_paragraph(s)_number, 
Q1041_question_answer, 
Q1041_reference_document, 
Q1044_keywords, 
Q1044_paragraph(s)_number, 
Q1044_question_answer, 
Q1044_reference_document, 
Q1046_keywords, 
Q1046_paragraph(s)_number, 
Q1046_question_answer, 
Q1046_reference_document, 
Q1047_keywords, 
Q1047_paragraph(s)_number, 
Q1047_question_answer, 
Q1047_reference_document, 
Q104_keywords, 
Q104_paragraph(s)_number, 
Q104_question_answer, 
Q104_reference_document, 
Q1050_keywords, 
Q1050_paragraph(s)_number, 
Q1050_question_answer, 
Q1050_reference_document, 
Q1052_keywords, 
Q1052_paragraph(s)_number, 
Q1052_question_answer, 
Q1052_reference_document, 
Q1057_keywords, 
Q1057_paragraph(s)_number, 
Q1057_question_answer, 
Q1057_reference_document, 
Q105_keywords, 
Q105_paragraph(s)_number, 
Q105_question_answer, 
Q105_reference_document, 
Q1060_keywords, 
Q1060_paragraph(s)_number, 
Q1060_question_answer, 
Q1060_reference_document, 
Q1066_keywords, 
Q1066_paragraph(s)_number, 
Q1066_question_answer, 
Q1066_reference_document, 
Q1068_keywords, 
Q1068_paragraph(s)_number, 
Q1068_question_answer, 
Q1068_reference_document, 
Q1070_keywords, 
Q1070_paragraph(s)_number, 
Q1070_question_answer, 
Q1070_reference_document, 
Q1073_keywords, 
Q1073_paragraph(s)_number, 
Q1073_question_answer, 
Q1073_reference_document, 
Q1074_keywords, 
Q1074_paragraph(s)_number, 
Q1074_question_answer, 
Q1074_reference_document, 
Q1076_keywords, 
Q1076_paragraph(s)_number, 
Q1076_question_answer, 
Q1076_reference_document, 
Q107_keywords, 
Q107_paragraph(s)_number, 
Q107_question_answer, 
Q107_reference_document, 
Q1082_keywords, 
Q1082_paragraph(s)_number, 
Q1082_question_answer, 
Q1082_reference_document, 
Q1084_keywords, 
Q1084_paragraph(s)_number, 
Q1084_question_answer, 
Q1084_reference_document, 
Q1085_keywords, 
Q1085_paragraph(s)_number, 
Q1085_question_answer, 
Q1085_reference_document, 
Q1086_keywords, 
Q1086_paragraph(s)_number, 
Q1086_question_answer, 
Q1086_reference_document, 
Q1087_keywords, 
Q1087_paragraph(s)_number, 
Q1087_question_answer, 
Q1087_reference_document, 
Q1089_keywords, 
Q1089_paragraph(s)_number, 
Q1089_question_answer, 
Q1089_reference_document, 
Q108_keywords, 
Q108_paragraph(s)_number, 
Q108_question_answer, 
Q108_reference_document, 
Q1093_keywords, 
Q1093_paragraph(s)_number, 
Q1093_question_answer, 
Q1093_reference_document, 
Q1095_keywords, 
Q1095_paragraph(s)_number, 
Q1095_question_answer, 
Q1095_reference_document, 
Q1097_keywords, 
Q1097_paragraph(s)_number, 
Q1097_question_answer, 
Q1097_reference_document, 
Q109_keywords, 
Q109_paragraph(s)_number, 
Q109_question_answer, 
Q109_reference_document, 
Q10_keywords, 
Q10_paragraph(s)_number, 
Q10_question_answer, 
Q10_reference_document, 
Q1100_keywords, 
Q1100_paragraph(s)_number, 
Q1100_question_answer, 
Q1100_reference_document, 
Q1103_keywords, 
Q1103_paragraph(s)_number, 
Q1103_question_answer, 
Q1103_reference_document, 
Q1104_keywords, 
Q1104_paragraph(s)_number, 
Q1104_question_answer, 
Q1104_reference_document, 
Q1105_keywords, 
Q1105_paragraph(s)_number, 
Q1105_question_answer, 
Q1105_reference_document, 
Q1106_keywords, 
Q1106_paragraph(s)_number, 
Q1106_question_answer, 
Q1106_reference_document, 
Q1111_keywords, 
Q1111_paragraph(s)_number, 
Q1111_question_answer, 
Q1111_reference_document, 
Q1114_keywords, 
Q1114_paragraph(s)_number, 
Q1114_question_answer, 
Q1114_reference_document, 
Q1119_keywords, 
Q1119_paragraph(s)_number, 
Q1119_question_answer, 
Q1119_reference_document, 
Q1121_keywords, 
Q1121_paragraph(s)_number, 
Q1121_question_answer, 
Q1121_reference_document, 
Q1124_keywords, 
Q1124_paragraph(s)_number, 
Q1124_question_answer, 
Q1124_reference_document, 
Q1125_keywords, 
Q1125_paragraph(s)_number, 
Q1125_question_answer, 
Q1125_reference_document, 
Q1126_keywords, 
Q1126_paragraph(s)_number, 
Q1126_question_answer, 
Q1126_reference_document, 
Q1127_keywords, 
Q1127_paragraph(s)_number, 
Q1127_question_answer, 
Q1127_reference_document, 
Q1129_keywords, 
Q1129_paragraph(s)_number, 
Q1129_question_answer, 
Q1129_reference_document, 
Q1130_keywords, 
Q1130_paragraph(s)_number, 
Q1130_question_answer, 
Q1130_reference_document, 
Q1132_keywords, 
Q1132_paragraph(s)_number, 
Q1132_question_answer, 
Q1132_reference_document, 
Q1134_keywords, 
Q1134_paragraph(s)_number, 
Q1134_question_answer, 
Q1134_reference_document, 
Q1135_keywords, 
Q1135_paragraph(s)_number, 
Q1135_question_answer, 
Q1135_reference_document, 
Q1140_keywords, 
Q1140_paragraph(s)_number, 
Q1140_question_answer, 
Q1140_reference_document, 
Q1147_keywords, 
Q1147_paragraph(s)_number, 
Q1147_question_answer, 
Q1147_reference_document, 
Q1148_keywords, 
Q1148_paragraph(s)_number, 
Q1148_question_answer, 
Q1148_reference_document, 
Q1152_keywords, 
Q1152_paragraph(s)_number, 
Q1152_question_answer, 
Q1152_reference_document, 
Q1159_keywords, 
Q1159_paragraph(s)_number, 
Q1159_question_answer, 
Q1159_reference_document, 
Q1161_keywords, 
Q1161_paragraph(s)_number, 
Q1161_question_answer, 
Q1161_reference_document, 
Q1166_keywords, 
Q1166_paragraph(s)_number, 
Q1166_question_answer, 
Q1166_reference_document, 
Q1169_keywords, 
Q1169_paragraph(s)_number, 
Q1169_question_answer, 
Q1169_reference_document, 
Q1172_keywords, 
Q1172_paragraph(s)_number, 
Q1172_question_answer, 
Q1172_reference_document, 
Q1173_keywords, 
Q1173_paragraph(s)_number, 
Q1173_question_answer, 
Q1173_reference_document, 
Q1175_keywords, 
Q1175_paragraph(s)_number, 
Q1175_question_answer, 
Q1175_reference_document, 
Q1179_keywords, 
Q1179_paragraph(s)_number, 
Q1179_question_answer, 
Q1179_reference_document, 
Q1180_keywords, 
Q1180_paragraph(s)_number, 
Q1180_question_answer, 
Q1180_reference_document, 
Q1182_keywords, 
Q1182_paragraph(s)_number, 
Q1182_question_answer, 
Q1182_reference_document, 
Q1184_keywords, 
Q1184_paragraph(s)_number, 
Q1184_question_answer, 
Q1184_reference_document, 
Q1186_keywords, 
Q1186_paragraph(s)_number, 
Q1186_question_answer, 
Q1186_reference_document, 
Q1187_keywords, 
Q1187_paragraph(s)_number, 
Q1187_question_answer, 
Q1187_reference_document, 
Q118_keywords, 
Q118_paragraph(s)_number, 
Q118_question_answer, 
Q118_reference_document, 
Q1193_keywords, 
Q1193_paragraph(s)_number, 
Q1193_question_answer, 
Q1193_reference_document, 
Q1195_keywords, 
Q1195_paragraph(s)_number, 
Q1195_question_answer, 
Q1195_reference_document, 
Q1197_keywords, 
Q1197_paragraph(s)_number, 
Q1197_question_answer, 
Q1197_reference_document, 
Q1198_keywords, 
Q1198_paragraph(s)_number, 
Q1198_question_answer, 
Q1198_reference_document, 
Q1199_keywords, 
Q1199_paragraph(s)_number, 
Q1199_question_answer, 
Q1199_reference_document, 
Q1200_keywords, 
Q1200_paragraph(s)_number, 
Q1200_question_answer, 
Q1200_reference_document, 
Q1201_keywords, 
Q1201_paragraph(s)_number, 
Q1201_question_answer, 
Q1201_reference_document, 
Q1203_keywords, 
Q1203_paragraph(s)_number, 
Q1203_question_answer, 
Q1203_reference_document, 
Q1205_keywords, 
Q1205_paragraph(s)_number, 
Q1205_question_answer, 
Q1205_reference_document, 
Q1206_keywords, 
Q1206_paragraph(s)_number, 
Q1206_question_answer, 
Q1206_reference_document, 
Q1207_keywords, 
Q1207_paragraph(s)_number, 
Q1207_question_answer, 
Q1207_reference_document, 
Q1209_keywords, 
Q1209_paragraph(s)_number, 
Q1209_question_answer, 
Q1209_reference_document, 
Q1212_keywords, 
Q1212_paragraph(s)_number, 
Q1212_question_answer, 
Q1212_reference_document, 
Q1213_keywords, 
Q1213_paragraph(s)_number, 
Q1213_question_answer, 
Q1213_reference_document, 
Q1214_keywords, 
Q1214_paragraph(s)_number, 
Q1214_question_answer, 
Q1214_reference_document, 
Q1216_keywords, 
Q1216_paragraph(s)_number, 
Q1216_question_answer, 
Q1216_reference_document, 
Q1217_keywords, 
Q1217_paragraph(s)_number, 
Q1217_question_answer, 
Q1217_reference_document, 
Q121_keywords, 
Q121_paragraph(s)_number, 
Q121_question_answer, 
Q121_reference_document, 
Q1221_keywords, 
Q1221_paragraph(s)_number, 
Q1221_question_answer, 
Q1221_reference_document, 
Q1229_keywords, 
Q1229_paragraph(s)_number, 
Q1229_question_answer, 
Q1229_reference_document, 
Q1230_keywords, 
Q1230_paragraph(s)_number, 
Q1230_question_answer, 
Q1230_reference_document, 
Q1236_keywords, 
Q1236_paragraph(s)_number, 
Q1236_question_answer, 
Q1236_reference_document, 
Q1239_keywords, 
Q1239_paragraph(s)_number, 
Q1239_question_answer, 
Q1239_reference_document, 
Q1246_keywords, 
Q1246_paragraph(s)_number, 
Q1246_question_answer, 
Q1246_reference_document, 
Q125_keywords, 
Q125_paragraph(s)_number, 
Q125_question_answer, 
Q125_reference_document, 
Q127_keywords, 
Q127_paragraph(s)_number, 
Q127_question_answer, 
Q127_reference_document, 
Q128_keywords, 
Q128_paragraph(s)_number, 
Q128_question_answer, 
Q128_reference_document, 
Q131_keywords, 
Q131_paragraph(s)_number, 
Q131_question_answer, 
Q131_reference_document, 
Q134_keywords, 
Q134_paragraph(s)_number, 
Q134_question_answer, 
Q134_reference_document, 
Q135_keywords, 
Q135_paragraph(s)_number, 
Q135_question_answer, 
Q135_reference_document, 
Q136_keywords, 
Q136_paragraph(s)_number, 
Q136_question_answer, 
Q136_reference_document, 
Q137_keywords, 
Q137_paragraph(s)_number, 
Q137_question_answer, 
Q137_reference_document, 
Q13_keywords, 
Q13_paragraph(s)_number, 
Q13_question_answer, 
Q13_reference_document, 
Q140_keywords, 
Q140_paragraph(s)_number, 
Q140_question_answer, 
Q140_reference_document, 
Q144_keywords, 
Q144_paragraph(s)_number, 
Q144_question_answer, 
Q144_reference_document, 
Q146_keywords, 
Q146_paragraph(s)_number, 
Q146_question_answer, 
Q146_reference_document, 
Q149_keywords, 
Q149_paragraph(s)_number, 
Q149_question_answer, 
Q149_reference_document, 
Q14_keywords, 
Q14_paragraph(s)_number, 
Q14_question_answer, 
Q14_reference_document, 
Q153_keywords, 
Q153_paragraph(s)_number, 
Q153_question_answer, 
Q153_reference_document, 
Q156_keywords, 
Q156_paragraph(s)_number, 
Q156_question_answer, 
Q156_reference_document, 
Q159_keywords, 
Q159_paragraph(s)_number, 
Q159_question_answer, 
Q159_reference_document, 
Q15_keywords, 
Q15_paragraph(s)_number, 
Q15_question_answer, 
Q15_reference_document, 
Q160_keywords, 
Q160_paragraph(s)_number, 
Q160_question_answer, 
Q160_reference_document, 
Q164_keywords, 
Q164_paragraph(s)_number, 
Q164_question_answer, 
Q164_reference_document, 
Q166_keywords, 
Q166_paragraph(s)_number, 
Q166_question_answer, 
Q166_reference_document, 
Q176_keywords, 
Q176_paragraph(s)_number, 
Q176_question_answer, 
Q176_reference_document, 
Q178_keywords, 
Q178_paragraph(s)_number, 
Q178_question_answer, 
Q178_reference_document, 
Q17_keywords, 
Q17_paragraph(s)_number, 
Q17_question_answer, 
Q17_reference_document, 
Q180_keywords, 
Q180_paragraph(s)_number, 
Q180_question_answer, 
Q180_reference_document, 
Q183_keywords, 
Q183_paragraph(s)_number, 
Q183_question_answer, 
Q183_reference_document, 
Q185_keywords, 
Q185_paragraph(s)_number, 
Q185_question_answer, 
Q185_reference_document, 
Q187_keywords, 
Q187_paragraph(s)_number, 
Q187_question_answer, 
Q187_reference_document, 
Q18_keywords, 
Q18_paragraph(s)_number, 
Q18_question_answer, 
Q18_reference_document, 
Q191_keywords, 
Q191_paragraph(s)_number, 
Q191_question_answer, 
Q191_reference_document, 
Q195_keywords, 
Q195_paragraph(s)_number, 
Q195_question_answer, 
Q195_reference_document, 
Q196_keywords, 
Q196_paragraph(s)_number, 
Q196_question_answer, 
Q196_reference_document, 
Q197_keywords, 
Q197_paragraph(s)_number, 
Q197_question_answer, 
Q197_reference_document, 
Q203_keywords, 
Q203_paragraph(s)_number, 
Q203_question_answer, 
Q203_reference_document, 
Q207_keywords, 
Q207_paragraph(s)_number, 
Q207_question_answer, 
Q207_reference_document, 
Q209_keywords, 
Q209_paragraph(s)_number, 
Q209_question_answer, 
Q209_reference_document, 
Q20_keywords, 
Q20_paragraph(s)_number, 
Q20_question_answer, 
Q20_reference_document, 
Q218_keywords, 
Q218_paragraph(s)_number, 
Q218_question_answer, 
Q218_reference_document, 
Q221_keywords, 
Q221_paragraph(s)_number, 
Q221_question_answer, 
Q221_reference_document, 
Q222_keywords, 
Q222_paragraph(s)_number, 
Q222_question_answer, 
Q222_reference_document, 
Q224_keywords, 
Q224_paragraph(s)_number, 
Q224_question_answer, 
Q224_reference_document, 
Q225_keywords, 
Q225_paragraph(s)_number, 
Q225_question_answer, 
Q225_reference_document, 
Q227_keywords, 
Q227_paragraph(s)_number, 
Q227_question_answer, 
Q227_reference_document, 
Q228_keywords, 
Q228_paragraph(s)_number, 
Q228_question_answer, 
Q228_reference_document, 
Q229_keywords, 
Q229_paragraph(s)_number, 
Q229_question_answer, 
Q229_reference_document, 
Q22_keywords, 
Q22_paragraph(s)_number, 
Q22_question_answer, 
Q22_reference_document, 
Q236_keywords, 
Q236_paragraph(s)_number, 
Q236_question_answer, 
Q236_reference_document, 
Q237_keywords, 
Q237_paragraph(s)_number, 
Q237_question_answer, 
Q237_reference_document, 
Q238_keywords, 
Q238_paragraph(s)_number, 
Q238_question_answer, 
Q238_reference_document, 
Q240_keywords, 
Q240_paragraph(s)_number, 
Q240_question_answer, 
Q240_reference_document, 
Q241_keywords, 
Q241_paragraph(s)_number, 
Q241_question_answer, 
Q241_reference_document, 
Q242_keywords, 
Q242_paragraph(s)_number, 
Q242_question_answer, 
Q242_reference_document, 
Q243_keywords, 
Q243_paragraph(s)_number, 
Q243_question_answer, 
Q243_reference_document, 
Q244_keywords, 
Q244_paragraph(s)_number, 
Q244_question_answer, 
Q244_reference_document, 
Q245_keywords, 
Q245_paragraph(s)_number, 
Q245_question_answer, 
Q245_reference_document, 
Q247_keywords, 
Q247_paragraph(s)_number, 
Q247_question_answer, 
Q247_reference_document, 
Q248_keywords, 
Q248_paragraph(s)_number, 
Q248_question_answer, 
Q248_reference_document, 
Q249_keywords, 
Q249_paragraph(s)_number, 
Q249_question_answer, 
Q249_reference_document, 
Q250_keywords, 
Q250_paragraph(s)_number, 
Q250_question_answer, 
Q250_reference_document, 
Q255_keywords, 
Q255_paragraph(s)_number, 
Q255_question_answer, 
Q255_reference_document, 
Q256_keywords, 
Q256_paragraph(s)_number, 
Q256_question_answer, 
Q256_reference_document, 
Q258_keywords, 
Q258_paragraph(s)_number, 
Q258_question_answer, 
Q258_reference_document, 
Q259_keywords, 
Q259_paragraph(s)_number, 
Q259_question_answer, 
Q259_reference_document, 
Q261_keywords, 
Q261_paragraph(s)_number, 
Q261_question_answer, 
Q261_reference_document, 
Q263_keywords, 
Q263_paragraph(s)_number, 
Q263_question_answer, 
Q263_reference_document, 
Q266_keywords, 
Q266_paragraph(s)_number, 
Q266_question_answer, 
Q266_reference_document, 
Q26_keywords, 
Q26_paragraph(s)_number, 
Q26_question_answer, 
Q26_reference_document, 
Q270_keywords, 
Q270_paragraph(s)_number, 
Q270_question_answer, 
Q270_reference_document, 
Q274_keywords, 
Q274_paragraph(s)_number, 
Q274_question_answer, 
Q274_reference_document, 
Q276_keywords, 
Q276_paragraph(s)_number, 
Q276_question_answer, 
Q276_reference_document, 
Q277_keywords, 
Q277_paragraph(s)_number, 
Q277_question_answer, 
Q277_reference_document, 
Q27_keywords, 
Q27_paragraph(s)_number, 
Q27_question_answer, 
Q27_reference_document, 
Q286_keywords, 
Q286_paragraph(s)_number, 
Q286_question_answer, 
Q286_reference_document, 
Q287_keywords, 
Q287_paragraph(s)_number, 
Q287_question_answer, 
Q287_reference_document, 
Q291_keywords, 
Q291_paragraph(s)_number, 
Q291_question_answer, 
Q291_reference_document, 
Q293_keywords, 
Q293_paragraph(s)_number, 
Q293_question_answer, 
Q293_reference_document, 
Q295_keywords, 
Q295_paragraph(s)_number, 
Q295_question_answer, 
Q295_reference_document, 
Q296_keywords, 
Q296_paragraph(s)_number, 
Q296_question_answer, 
Q296_reference_document, 
Q299_keywords, 
Q299_paragraph(s)_number, 
Q299_question_answer, 
Q299_reference_document, 
Q300_keywords, 
Q300_paragraph(s)_number, 
Q300_question_answer, 
Q300_reference_document, 
Q302_keywords, 
Q302_paragraph(s)_number, 
Q302_question_answer, 
Q302_reference_document, 
Q304_keywords, 
Q304_paragraph(s)_number, 
Q304_question_answer, 
Q304_reference_document, 
Q310_keywords, 
Q310_paragraph(s)_number, 
Q310_question_answer, 
Q310_reference_document, 
Q311_keywords, 
Q311_paragraph(s)_number, 
Q311_question_answer, 
Q311_reference_document, 
Q313_keywords, 
Q313_paragraph(s)_number, 
Q313_question_answer, 
Q313_reference_document, 
Q314_keywords, 
Q314_paragraph(s)_number, 
Q314_question_answer, 
Q314_reference_document, 
Q318_keywords, 
Q318_paragraph(s)_number, 
Q318_question_answer, 
Q318_reference_document, 
Q31_keywords, 
Q31_paragraph(s)_number, 
Q31_question_answer, 
Q31_reference_document, 
Q320_keywords, 
Q320_paragraph(s)_number, 
Q320_question_answer, 
Q320_reference_document, 
Q322_keywords, 
Q322_paragraph(s)_number, 
Q322_question_answer, 
Q322_reference_document, 
Q323_keywords, 
Q323_paragraph(s)_number, 
Q323_question_answer, 
Q323_reference_document, 
Q324_keywords, 
Q324_paragraph(s)_number, 
Q324_question_answer, 
Q324_reference_document, 
Q325_keywords, 
Q325_paragraph(s)_number, 
Q325_question_answer, 
Q325_reference_document, 
Q326_keywords, 
Q326_paragraph(s)_number, 
Q326_question_answer, 
Q326_reference_document, 
Q332_keywords, 
Q332_paragraph(s)_number, 
Q332_question_answer, 
Q332_reference_document, 
Q333_keywords, 
Q333_paragraph(s)_number, 
Q333_question_answer, 
Q333_reference_document, 
Q335_keywords, 
Q335_paragraph(s)_number, 
Q335_question_answer, 
Q335_reference_document, 
Q338_keywords, 
Q338_paragraph(s)_number, 
Q338_question_answer, 
Q338_reference_document, 
Q339_keywords, 
Q339_paragraph(s)_number, 
Q339_question_answer, 
Q339_reference_document, 
Q341_keywords, 
Q341_paragraph(s)_number, 
Q341_question_answer, 
Q341_reference_document, 
Q343_keywords, 
Q343_paragraph(s)_number, 
Q343_question_answer, 
Q343_reference_document, 
Q347_keywords, 
Q347_paragraph(s)_number, 
Q347_question_answer, 
Q347_reference_document, 
Q350_keywords, 
Q350_paragraph(s)_number, 
Q350_question_answer, 
Q350_reference_document, 
Q353_keywords, 
Q353_paragraph(s)_number, 
Q353_question_answer, 
Q353_reference_document, 
Q356_keywords, 
Q356_paragraph(s)_number, 
Q356_question_answer, 
Q356_reference_document, 
Q359_keywords, 
Q359_paragraph(s)_number, 
Q359_question_answer, 
Q359_reference_document, 
Q360_keywords, 
Q360_paragraph(s)_number, 
Q360_question_answer, 
Q360_reference_document, 
Q361_keywords, 
Q361_paragraph(s)_number, 
Q361_question_answer, 
Q361_reference_document, 
Q36_keywords, 
Q36_paragraph(s)_number, 
Q36_question_answer, 
Q36_reference_document, 
Q370_keywords, 
Q370_paragraph(s)_number, 
Q370_question_answer, 
Q370_reference_document, 
Q373_keywords, 
Q373_paragraph(s)_number, 
Q373_question_answer, 
Q373_reference_document, 
Q374_keywords, 
Q374_paragraph(s)_number, 
Q374_question_answer, 
Q374_reference_document, 
Q378_keywords, 
Q378_paragraph(s)_number, 
Q378_question_answer, 
Q378_reference_document, 
Q37_keywords, 
Q37_paragraph(s)_number, 
Q37_question_answer, 
Q37_reference_document, 
Q381_keywords, 
Q381_paragraph(s)_number, 
Q381_question_answer, 
Q381_reference_document, 
Q383_keywords, 
Q383_paragraph(s)_number, 
Q383_question_answer, 
Q383_reference_document, 
Q385_keywords, 
Q385_paragraph(s)_number, 
Q385_question_answer, 
Q385_reference_document, 
Q386_keywords, 
Q386_paragraph(s)_number, 
Q386_question_answer, 
Q386_reference_document, 
Q38_keywords, 
Q38_paragraph(s)_number, 
Q38_question_answer, 
Q38_reference_document, 
Q390_keywords, 
Q390_paragraph(s)_number, 
Q390_question_answer, 
Q390_reference_document, 
Q391_keywords, 
Q391_paragraph(s)_number, 
Q391_question_answer, 
Q391_reference_document, 
Q402_keywords, 
Q402_paragraph(s)_number, 
Q402_question_answer, 
Q402_reference_document, 
Q403_keywords, 
Q403_paragraph(s)_number, 
Q403_question_answer, 
Q403_reference_document, 
Q406_keywords, 
Q406_paragraph(s)_number, 
Q406_question_answer, 
Q406_reference_document, 
Q408_keywords, 
Q408_paragraph(s)_number, 
Q408_question_answer, 
Q408_reference_document, 
Q40_keywords, 
Q40_paragraph(s)_number, 
Q40_question_answer, 
Q40_reference_document, 
Q412_keywords, 
Q412_paragraph(s)_number, 
Q412_question_answer, 
Q412_reference_document, 
Q416_keywords, 
Q416_paragraph(s)_number, 
Q416_question_answer, 
Q416_reference_document, 
Q418_keywords, 
Q418_paragraph(s)_number, 
Q418_question_answer, 
Q418_reference_document, 
Q41_keywords, 
Q41_paragraph(s)_number, 
Q41_question_answer, 
Q41_reference_document, 
Q423_keywords, 
Q423_paragraph(s)_number, 
Q423_question_answer, 
Q423_reference_document, 
Q425_keywords, 
Q425_paragraph(s)_number, 
Q425_question_answer, 
Q425_reference_document, 
Q428_keywords, 
Q428_paragraph(s)_number, 
Q428_question_answer, 
Q428_reference_document, 
Q42_keywords, 
Q42_paragraph(s)_number, 
Q42_question_answer, 
Q42_reference_document, 
Q432_keywords, 
Q432_paragraph(s)_number, 
Q432_question_answer, 
Q432_reference_document, 
Q434_keywords, 
Q434_paragraph(s)_number, 
Q434_question_answer, 
Q434_reference_document, 
Q437_keywords, 
Q437_paragraph(s)_number, 
Q437_question_answer, 
Q437_reference_document, 
Q438_keywords, 
Q438_paragraph(s)_number, 
Q438_question_answer, 
Q438_reference_document, 
Q440_keywords, 
Q440_paragraph(s)_number, 
Q440_question_answer, 
Q440_reference_document, 
Q441_keywords, 
Q441_paragraph(s)_number, 
Q441_question_answer, 
Q441_reference_document, 
Q443_keywords, 
Q443_paragraph(s)_number, 
Q443_question_answer, 
Q443_reference_document, 
Q445_keywords, 
Q445_paragraph(s)_number, 
Q445_question_answer, 
Q445_reference_document, 
Q447_keywords, 
Q447_paragraph(s)_number, 
Q447_question_answer, 
Q447_reference_document, 
Q448_keywords, 
Q448_paragraph(s)_number, 
Q448_question_answer, 
Q448_reference_document, 
Q450_keywords, 
Q450_paragraph(s)_number, 
Q450_question_answer, 
Q450_reference_document, 
Q452_keywords, 
Q452_paragraph(s)_number, 
Q452_question_answer, 
Q452_reference_document, 
Q453_keywords, 
Q453_paragraph(s)_number, 
Q453_question_answer, 
Q453_reference_document, 
Q454_keywords, 
Q454_paragraph(s)_number, 
Q454_question_answer, 
Q454_reference_document, 
Q455_keywords, 
Q455_paragraph(s)_number, 
Q455_question_answer, 
Q455_reference_document, 
Q462_keywords, 
Q462_paragraph(s)_number, 
Q462_question_answer, 
Q462_reference_document, 
Q465_keywords, 
Q465_paragraph(s)_number, 
Q465_question_answer, 
Q465_reference_document, 
Q466_keywords, 
Q466_paragraph(s)_number, 
Q466_question_answer, 
Q466_reference_document, 
Q46_keywords, 
Q46_paragraph(s)_number, 
Q46_question_answer, 
Q46_reference_document, 
Q472_keywords, 
Q472_paragraph(s)_number, 
Q472_question_answer, 
Q472_reference_document, 
Q473_keywords, 
Q473_paragraph(s)_number, 
Q473_question_answer, 
Q473_reference_document, 
Q475_keywords, 
Q475_paragraph(s)_number, 
Q475_question_answer, 
Q475_reference_document, 
Q476_keywords, 
Q476_paragraph(s)_number, 
Q476_question_answer, 
Q476_reference_document, 
Q478_keywords, 
Q478_paragraph(s)_number, 
Q478_question_answer, 
Q478_reference_document, 
Q47_keywords, 
Q47_paragraph(s)_number, 
Q47_question_answer, 
Q47_reference_document, 
Q481_keywords, 
Q481_paragraph(s)_number, 
Q481_question_answer, 
Q481_reference_document, 
Q482_keywords, 
Q482_paragraph(s)_number, 
Q482_question_answer, 
Q482_reference_document, 
Q487_keywords, 
Q487_paragraph(s)_number, 
Q487_question_answer, 
Q487_reference_document, 
Q488_keywords, 
Q488_paragraph(s)_number, 
Q488_question_answer, 
Q488_reference_document, 
Q489_keywords, 
Q489_paragraph(s)_number, 
Q489_question_answer, 
Q489_reference_document, 
Q493_keywords, 
Q493_paragraph(s)_number, 
Q493_question_answer, 
Q493_reference_document, 
Q499_keywords, 
Q499_paragraph(s)_number, 
Q499_question_answer, 
Q499_reference_document, 
Q49_keywords, 
Q49_paragraph(s)_number, 
Q49_question_answer, 
Q49_reference_document, 
Q4_keywords, 
Q4_paragraph(s)_number, 
Q4_question_answer, 
Q4_reference_document, 
Q502_keywords, 
Q502_paragraph(s)_number, 
Q502_question_answer, 
Q502_reference_document, 
Q503_keywords, 
Q503_paragraph(s)_number, 
Q503_question_answer, 
Q503_reference_document, 
Q504_keywords, 
Q504_paragraph(s)_number, 
Q504_question_answer, 
Q504_reference_document, 
Q505_keywords, 
Q505_paragraph(s)_number, 
Q505_question_answer, 
Q505_reference_document, 
Q506_keywords, 
Q506_paragraph(s)_number, 
Q506_question_answer, 
Q506_reference_document, 
Q510_keywords, 
Q510_paragraph(s)_number, 
Q510_question_answer, 
Q510_reference_document, 
Q512_keywords, 
Q512_paragraph(s)_number, 
Q512_question_answer, 
Q512_reference_document, 
Q513_keywords, 
Q513_paragraph(s)_number, 
Q513_question_answer, 
Q513_reference_document, 
Q515_keywords, 
Q515_paragraph(s)_number, 
Q515_question_answer, 
Q515_reference_document, 
Q517_keywords, 
Q517_paragraph(s)_number, 
Q517_question_answer, 
Q517_reference_document, 
Q518_keywords, 
Q518_paragraph(s)_number, 
Q518_question_answer, 
Q518_reference_document, 
Q520_keywords, 
Q520_paragraph(s)_number, 
Q520_question_answer, 
Q520_reference_document, 
Q521_keywords, 
Q521_paragraph(s)_number, 
Q521_question_answer, 
Q521_reference_document, 
Q522_keywords, 
Q522_paragraph(s)_number, 
Q522_question_answer, 
Q522_reference_document, 
Q523_keywords, 
Q523_paragraph(s)_number, 
Q523_question_answer, 
Q523_reference_document, 
Q525_keywords, 
Q525_paragraph(s)_number, 
Q525_question_answer, 
Q525_reference_document, 
Q526_keywords, 
Q526_paragraph(s)_number, 
Q526_question_answer, 
Q526_reference_document, 
Q528_keywords, 
Q528_paragraph(s)_number, 
Q528_question_answer, 
Q528_reference_document, 
Q529_keywords, 
Q529_paragraph(s)_number, 
Q529_question_answer, 
Q529_reference_document, 
Q52_keywords, 
Q52_paragraph(s)_number, 
Q52_question_answer, 
Q52_reference_document, 
Q531_keywords, 
Q531_paragraph(s)_number, 
Q531_question_answer, 
Q531_reference_document, 
Q534_keywords, 
Q534_paragraph(s)_number, 
Q534_question_answer, 
Q534_reference_document, 
Q535_keywords, 
Q535_paragraph(s)_number, 
Q535_question_answer, 
Q535_reference_document, 
Q538_keywords, 
Q538_paragraph(s)_number, 
Q538_question_answer, 
Q538_reference_document, 
Q543_keywords, 
Q543_paragraph(s)_number, 
Q543_question_answer, 
Q543_reference_document, 
Q549_keywords, 
Q549_paragraph(s)_number, 
Q549_question_answer, 
Q549_reference_document, 
Q54_keywords, 
Q54_paragraph(s)_number, 
Q54_question_answer, 
Q54_reference_document, 
Q550_keywords, 
Q550_paragraph(s)_number, 
Q550_question_answer, 
Q550_reference_document, 
Q551_keywords, 
Q551_paragraph(s)_number, 
Q551_question_answer, 
Q551_reference_document, 
Q552_keywords, 
Q552_paragraph(s)_number, 
Q552_question_answer, 
Q552_reference_document, 
Q554_keywords, 
Q554_paragraph(s)_number, 
Q554_question_answer, 
Q554_reference_document, 
Q555_keywords, 
Q555_paragraph(s)_number, 
Q555_question_answer, 
Q555_reference_document, 
Q556_keywords, 
Q556_paragraph(s)_number, 
Q556_question_answer, 
Q556_reference_document, 
Q557_keywords, 
Q557_paragraph(s)_number, 
Q557_question_answer, 
Q557_reference_document, 
Q559_keywords, 
Q559_paragraph(s)_number, 
Q559_question_answer, 
Q559_reference_document, 
Q55_keywords, 
Q55_paragraph(s)_number, 
Q55_question_answer, 
Q55_reference_document, 
Q561_keywords, 
Q561_paragraph(s)_number, 
Q561_question_answer, 
Q561_reference_document, 
Q562_keywords, 
Q562_paragraph(s)_number, 
Q562_question_answer, 
Q562_reference_document, 
Q565_keywords, 
Q565_paragraph(s)_number, 
Q565_question_answer, 
Q565_reference_document, 
Q570_keywords, 
Q570_paragraph(s)_number, 
Q570_question_answer, 
Q570_reference_document, 
Q571_keywords, 
Q571_paragraph(s)_number, 
Q571_question_answer, 
Q571_reference_document, 
Q581_keywords, 
Q581_paragraph(s)_number, 
Q581_question_answer, 
Q581_reference_document, 
Q583_keywords, 
Q583_paragraph(s)_number, 
Q583_question_answer, 
Q583_reference_document, 
Q584_keywords, 
Q584_paragraph(s)_number, 
Q584_question_answer, 
Q584_reference_document, 
Q586_keywords, 
Q586_paragraph(s)_number, 
Q586_question_answer, 
Q586_reference_document, 
Q587_keywords, 
Q587_paragraph(s)_number, 
Q587_question_answer, 
Q587_reference_document, 
Q58_keywords, 
Q58_paragraph(s)_number, 
Q58_question_answer, 
Q58_reference_document, 
Q590_keywords, 
Q590_paragraph(s)_number, 
Q590_question_answer, 
Q590_reference_document, 
Q593_keywords, 
Q593_paragraph(s)_number, 
Q593_question_answer, 
Q593_reference_document, 
Q595_keywords, 
Q595_paragraph(s)_number, 
Q595_question_answer, 
Q595_reference_document, 
Q597_keywords, 
Q597_paragraph(s)_number, 
Q597_question_answer, 
Q597_reference_document, 
Q5_keywords, 
Q5_paragraph(s)_number, 
Q5_question_answer, 
Q5_reference_document, 
Q604_keywords, 
Q604_paragraph(s)_number, 
Q604_question_answer, 
Q604_reference_document, 
Q606_keywords, 
Q606_paragraph(s)_number, 
Q606_question_answer, 
Q606_reference_document, 
Q609_keywords, 
Q609_paragraph(s)_number, 
Q609_question_answer, 
Q609_reference_document, 
Q613_keywords, 
Q613_paragraph(s)_number, 
Q613_question_answer, 
Q613_reference_document, 
Q615_keywords, 
Q615_paragraph(s)_number, 
Q615_question_answer, 
Q615_reference_document, 
Q616_keywords, 
Q616_paragraph(s)_number, 
Q616_question_answer, 
Q616_reference_document, 
Q618_keywords, 
Q618_paragraph(s)_number, 
Q618_question_answer, 
Q618_reference_document, 
Q619_keywords, 
Q619_paragraph(s)_number, 
Q619_question_answer, 
Q619_reference_document, 
Q621_keywords, 
Q621_paragraph(s)_number, 
Q621_question_answer, 
Q621_reference_document, 
Q625_keywords, 
Q625_paragraph(s)_number, 
Q625_question_answer, 
Q625_reference_document, 
Q628_keywords, 
Q628_paragraph(s)_number, 
Q628_question_answer, 
Q628_reference_document, 
Q629_keywords, 
Q629_paragraph(s)_number, 
Q629_question_answer, 
Q629_reference_document, 
Q630_keywords, 
Q630_paragraph(s)_number, 
Q630_question_answer, 
Q630_reference_document, 
Q631_keywords, 
Q631_paragraph(s)_number, 
Q631_question_answer, 
Q631_reference_document, 
Q636_keywords, 
Q636_paragraph(s)_number, 
Q636_question_answer, 
Q636_reference_document, 
Q637_keywords, 
Q637_paragraph(s)_number, 
Q637_question_answer, 
Q637_reference_document, 
Q638_keywords, 
Q638_paragraph(s)_number, 
Q638_question_answer, 
Q638_reference_document, 
Q644_keywords, 
Q644_paragraph(s)_number, 
Q644_question_answer, 
Q644_reference_document, 
Q646_keywords, 
Q646_paragraph(s)_number, 
Q646_question_answer, 
Q646_reference_document, 
Q64_keywords, 
Q64_paragraph(s)_number, 
Q64_question_answer, 
Q64_reference_document, 
Q650_keywords, 
Q650_paragraph(s)_number, 
Q650_question_answer, 
Q650_reference_document, 
Q651_keywords, 
Q651_paragraph(s)_number, 
Q651_question_answer, 
Q651_reference_document, 
Q652_keywords, 
Q652_paragraph(s)_number, 
Q652_question_answer, 
Q652_reference_document, 
Q657_keywords, 
Q657_paragraph(s)_number, 
Q657_question_answer, 
Q657_reference_document, 
Q660_keywords, 
Q660_paragraph(s)_number, 
Q660_question_answer, 
Q660_reference_document, 
Q661_keywords, 
Q661_paragraph(s)_number, 
Q661_question_answer, 
Q661_reference_document, 
Q667_keywords, 
Q667_paragraph(s)_number, 
Q667_question_answer, 
Q667_reference_document, 
Q669_keywords, 
Q669_paragraph(s)_number, 
Q669_question_answer, 
Q669_reference_document, 
Q66_keywords, 
Q66_paragraph(s)_number, 
Q66_question_answer, 
Q66_reference_document, 
Q673_keywords, 
Q673_paragraph(s)_number, 
Q673_question_answer, 
Q673_reference_document, 
Q674_keywords, 
Q674_paragraph(s)_number, 
Q674_question_answer, 
Q674_reference_document, 
Q678_keywords, 
Q678_paragraph(s)_number, 
Q678_question_answer, 
Q678_reference_document, 
Q681_keywords, 
Q681_paragraph(s)_number, 
Q681_question_answer, 
Q681_reference_document, 
Q685_keywords, 
Q685_paragraph(s)_number, 
Q685_question_answer, 
Q685_reference_document, 
Q686_keywords, 
Q686_paragraph(s)_number, 
Q686_question_answer, 
Q686_reference_document, 
Q687_keywords, 
Q687_paragraph(s)_number, 
Q687_question_answer, 
Q687_reference_document, 
Q696_keywords, 
Q696_paragraph(s)_number, 
Q696_question_answer, 
Q696_reference_document, 
Q697_keywords, 
Q697_paragraph(s)_number, 
Q697_question_answer, 
Q697_reference_document, 
Q698_keywords, 
Q698_paragraph(s)_number, 
Q698_question_answer, 
Q698_reference_document, 
Q701_keywords, 
Q701_paragraph(s)_number, 
Q701_question_answer, 
Q701_reference_document, 
Q706_keywords, 
Q706_paragraph(s)_number, 
Q706_question_answer, 
Q706_reference_document, 
Q707_keywords, 
Q707_paragraph(s)_number, 
Q707_question_answer, 
Q707_reference_document, 
Q70_keywords, 
Q70_paragraph(s)_number, 
Q70_question_answer, 
Q70_reference_document, 
Q710_keywords, 
Q710_paragraph(s)_number, 
Q710_question_answer, 
Q710_reference_document, 
Q713_keywords, 
Q713_paragraph(s)_number, 
Q713_question_answer, 
Q713_reference_document, 
Q714_keywords, 
Q714_paragraph(s)_number, 
Q714_question_answer, 
Q714_reference_document, 
Q717_keywords, 
Q717_paragraph(s)_number, 
Q717_question_answer, 
Q717_reference_document, 
Q71_keywords, 
Q71_paragraph(s)_number, 
Q71_question_answer, 
Q71_reference_document, 
Q722_keywords, 
Q722_paragraph(s)_number, 
Q722_question_answer, 
Q722_reference_document, 
Q725_keywords, 
Q725_paragraph(s)_number, 
Q725_question_answer, 
Q725_reference_document, 
Q726_keywords, 
Q726_paragraph(s)_number, 
Q726_question_answer, 
Q726_reference_document, 
Q72_keywords, 
Q72_paragraph(s)_number, 
Q72_question_answer, 
Q72_reference_document, 
Q731_keywords, 
Q731_paragraph(s)_number, 
Q731_question_answer, 
Q731_reference_document, 
Q736_keywords, 
Q736_paragraph(s)_number, 
Q736_question_answer, 
Q736_reference_document, 
Q737_keywords, 
Q737_paragraph(s)_number, 
Q737_question_answer, 
Q737_reference_document, 
Q73_keywords, 
Q73_paragraph(s)_number, 
Q73_question_answer, 
Q73_reference_document, 
Q741_keywords, 
Q741_paragraph(s)_number, 
Q741_question_answer, 
Q741_reference_document, 
Q746_keywords, 
Q746_paragraph(s)_number, 
Q746_question_answer, 
Q746_reference_document, 
Q747_keywords, 
Q747_paragraph(s)_number, 
Q747_question_answer, 
Q747_reference_document, 
Q74_keywords, 
Q74_paragraph(s)_number, 
Q74_question_answer, 
Q74_reference_document, 
Q750_keywords, 
Q750_paragraph(s)_number, 
Q750_question_answer, 
Q750_reference_document, 
Q753_keywords, 
Q753_paragraph(s)_number, 
Q753_question_answer, 
Q753_reference_document, 
Q754_keywords, 
Q754_paragraph(s)_number, 
Q754_question_answer, 
Q754_reference_document, 
Q756_keywords, 
Q756_paragraph(s)_number, 
Q756_question_answer, 
Q756_reference_document, 
Q75_keywords, 
Q75_paragraph(s)_number, 
Q75_question_answer, 
Q75_reference_document, 
Q760_keywords, 
Q760_paragraph(s)_number, 
Q760_question_answer, 
Q760_reference_document, 
Q763_keywords, 
Q763_paragraph(s)_number, 
Q763_question_answer, 
Q763_reference_document, 
Q769_keywords, 
Q769_paragraph(s)_number, 
Q769_question_answer, 
Q769_reference_document, 
Q76_keywords, 
Q76_paragraph(s)_number, 
Q76_question_answer, 
Q76_reference_document, 
Q772_keywords, 
Q772_paragraph(s)_number, 
Q772_question_answer, 
Q772_reference_document, 
Q774_keywords, 
Q774_paragraph(s)_number, 
Q774_question_answer, 
Q774_reference_document, 
Q776_keywords, 
Q776_paragraph(s)_number, 
Q776_question_answer, 
Q776_reference_document, 
Q777_keywords, 
Q777_paragraph(s)_number, 
Q777_question_answer, 
Q777_reference_document, 
Q778_keywords, 
Q778_paragraph(s)_number, 
Q778_question_answer, 
Q778_reference_document, 
Q77_keywords, 
Q77_paragraph(s)_number, 
Q77_question_answer, 
Q77_reference_document, 
Q781_keywords, 
Q781_paragraph(s)_number, 
Q781_question_answer, 
Q781_reference_document, 
Q786_keywords, 
Q786_paragraph(s)_number, 
Q786_question_answer, 
Q786_reference_document, 
Q78_keywords, 
Q78_paragraph(s)_number, 
Q78_question_answer, 
Q78_reference_document, 
Q790_keywords, 
Q790_paragraph(s)_number, 
Q790_question_answer, 
Q790_reference_document, 
Q792_keywords, 
Q792_paragraph(s)_number, 
Q792_question_answer, 
Q792_reference_document, 
Q794_keywords, 
Q794_paragraph(s)_number, 
Q794_question_answer, 
Q794_reference_document, 
Q799_keywords, 
Q799_paragraph(s)_number, 
Q799_question_answer, 
Q799_reference_document, 
Q800_keywords, 
Q800_paragraph(s)_number, 
Q800_question_answer, 
Q800_reference_document, 
Q801_keywords, 
Q801_paragraph(s)_number, 
Q801_question_answer, 
Q801_reference_document, 
Q803_keywords, 
Q803_paragraph(s)_number, 
Q803_question_answer, 
Q803_reference_document, 
Q810_keywords, 
Q810_paragraph(s)_number, 
Q810_question_answer, 
Q810_reference_document, 
Q811_keywords, 
Q811_paragraph(s)_number, 
Q811_question_answer, 
Q811_reference_document, 
Q813_keywords, 
Q813_paragraph(s)_number, 
Q813_question_answer, 
Q813_reference_document, 
Q816_keywords, 
Q816_paragraph(s)_number, 
Q816_question_answer, 
Q816_reference_document, 
Q817_keywords, 
Q817_paragraph(s)_number, 
Q817_question_answer, 
Q817_reference_document, 
Q819_keywords, 
Q819_paragraph(s)_number, 
Q819_question_answer, 
Q819_reference_document, 
Q81_keywords, 
Q81_paragraph(s)_number, 
Q81_question_answer, 
Q81_reference_document, 
Q820_keywords, 
Q820_paragraph(s)_number, 
Q820_question_answer, 
Q820_reference_document, 
Q822_keywords, 
Q822_paragraph(s)_number, 
Q822_question_answer, 
Q822_reference_document, 
Q826_keywords, 
Q826_paragraph(s)_number, 
Q826_question_answer, 
Q826_reference_document, 
Q833_keywords, 
Q833_paragraph(s)_number, 
Q833_question_answer, 
Q833_reference_document, 
Q834_keywords, 
Q834_paragraph(s)_number, 
Q834_question_answer, 
Q834_reference_document, 
Q837_keywords, 
Q837_paragraph(s)_number, 
Q837_question_answer, 
Q837_reference_document, 
Q838_keywords, 
Q838_paragraph(s)_number, 
Q838_question_answer, 
Q838_reference_document, 
Q839_keywords, 
Q839_paragraph(s)_number, 
Q839_question_answer, 
Q839_reference_document, 
Q840_keywords, 
Q840_paragraph(s)_number, 
Q840_question_answer, 
Q840_reference_document, 
Q846_keywords, 
Q846_paragraph(s)_number, 
Q846_question_answer, 
Q846_reference_document, 
Q847_keywords, 
Q847_paragraph(s)_number, 
Q847_question_answer, 
Q847_reference_document, 
Q848_keywords, 
Q848_paragraph(s)_number, 
Q848_question_answer, 
Q848_reference_document, 
Q84_keywords, 
Q84_paragraph(s)_number, 
Q84_question_answer, 
Q84_reference_document, 
Q851_keywords, 
Q851_paragraph(s)_number, 
Q851_question_answer, 
Q851_reference_document, 
Q852_keywords, 
Q852_paragraph(s)_number, 
Q852_question_answer, 
Q852_reference_document, 
Q854_keywords, 
Q854_paragraph(s)_number, 
Q854_question_answer, 
Q854_reference_document, 
Q856_keywords, 
Q856_paragraph(s)_number, 
Q856_question_answer, 
Q856_reference_document, 
Q857_keywords, 
Q857_paragraph(s)_number, 
Q857_question_answer, 
Q857_reference_document, 
Q859_keywords, 
Q859_paragraph(s)_number, 
Q859_question_answer, 
Q859_reference_document, 
Q85_keywords, 
Q85_paragraph(s)_number, 
Q85_question_answer, 
Q85_reference_document, 
Q860_keywords, 
Q860_paragraph(s)_number, 
Q860_question_answer, 
Q860_reference_document, 
Q862_keywords, 
Q862_paragraph(s)_number, 
Q862_question_answer, 
Q862_reference_document, 
Q866_keywords, 
Q866_paragraph(s)_number, 
Q866_question_answer, 
Q866_reference_document, 
Q867_keywords, 
Q867_paragraph(s)_number, 
Q867_question_answer, 
Q867_reference_document, 
Q873_keywords, 
Q873_paragraph(s)_number, 
Q873_question_answer, 
Q873_reference_document, 
Q877_keywords, 
Q877_paragraph(s)_number, 
Q877_question_answer, 
Q877_reference_document, 
Q878_keywords, 
Q878_paragraph(s)_number, 
Q878_question_answer, 
Q878_reference_document, 
Q87_keywords, 
Q87_paragraph(s)_number, 
Q87_question_answer, 
Q87_reference_document, 
Q884_keywords, 
Q884_paragraph(s)_number, 
Q884_question_answer, 
Q884_reference_document, 
Q886_keywords, 
Q886_paragraph(s)_number, 
Q886_question_answer, 
Q886_reference_document, 
Q887_keywords, 
Q887_paragraph(s)_number, 
Q887_question_answer, 
Q887_reference_document, 
Q888_keywords, 
Q888_paragraph(s)_number, 
Q888_question_answer, 
Q888_reference_document, 
Q897_keywords, 
Q897_paragraph(s)_number, 
Q897_question_answer, 
Q897_reference_document, 
Q89_keywords, 
Q89_paragraph(s)_number, 
Q89_question_answer, 
Q89_reference_document, 
Q901_keywords, 
Q901_paragraph(s)_number, 
Q901_question_answer, 
Q901_reference_document, 
Q902_keywords, 
Q902_paragraph(s)_number, 
Q902_question_answer, 
Q902_reference_document, 
Q903_keywords, 
Q903_paragraph(s)_number, 
Q903_question_answer, 
Q903_reference_document, 
Q904_keywords, 
Q904_paragraph(s)_number, 
Q904_question_answer, 
Q904_reference_document, 
Q905_keywords, 
Q905_paragraph(s)_number, 
Q905_question_answer, 
Q905_reference_document, 
Q912_keywords, 
Q912_paragraph(s)_number, 
Q912_question_answer, 
Q912_reference_document, 
Q913_keywords, 
Q913_paragraph(s)_number, 
Q913_question_answer, 
Q913_reference_document, 
Q915_keywords, 
Q915_paragraph(s)_number, 
Q915_question_answer, 
Q915_reference_document, 
Q919_keywords, 
Q919_paragraph(s)_number, 
Q919_question_answer, 
Q919_reference_document, 
Q927_keywords, 
Q927_paragraph(s)_number, 
Q927_question_answer, 
Q927_reference_document, 
Q928_keywords, 
Q928_paragraph(s)_number, 
Q928_question_answer, 
Q928_reference_document, 
Q930_keywords, 
Q930_paragraph(s)_number, 
Q930_question_answer, 
Q930_reference_document, 
Q932_keywords, 
Q932_paragraph(s)_number, 
Q932_question_answer, 
Q932_reference_document, 
Q936_keywords, 
Q936_paragraph(s)_number, 
Q936_question_answer, 
Q936_reference_document, 
Q940_keywords, 
Q940_paragraph(s)_number, 
Q940_question_answer, 
Q940_reference_document, 
Q944_keywords, 
Q944_paragraph(s)_number, 
Q944_question_answer, 
Q944_reference_document, 
Q947_keywords, 
Q947_paragraph(s)_number, 
Q947_question_answer, 
Q947_reference_document, 
Q948_keywords, 
Q948_paragraph(s)_number, 
Q948_question_answer, 
Q948_reference_document, 
Q949_keywords, 
Q949_paragraph(s)_number, 
Q949_question_answer, 
Q949_reference_document, 
Q94_keywords, 
Q94_paragraph(s)_number, 
Q94_question_answer, 
Q94_reference_document, 
Q950_keywords, 
Q950_paragraph(s)_number, 
Q950_question_answer, 
Q950_reference_document, 
Q951_keywords, 
Q951_paragraph(s)_number, 
Q951_question_answer, 
Q951_reference_document, 
Q953_keywords, 
Q953_paragraph(s)_number, 
Q953_question_answer, 
Q953_reference_document, 
Q957_keywords, 
Q957_paragraph(s)_number, 
Q957_question_answer, 
Q957_reference_document, 
Q95_keywords, 
Q95_paragraph(s)_number, 
Q95_question_answer, 
Q95_reference_document, 
Q963_keywords, 
Q963_paragraph(s)_number, 
Q963_question_answer, 
Q963_reference_document, 
Q964_keywords, 
Q964_paragraph(s)_number, 
Q964_question_answer, 
Q964_reference_document, 
Q965_keywords, 
Q965_paragraph(s)_number, 
Q965_question_answer, 
Q965_reference_document, 
Q967_keywords, 
Q967_paragraph(s)_number, 
Q967_question_answer, 
Q967_reference_document, 
Q968_keywords, 
Q968_paragraph(s)_number, 
Q968_question_answer, 
Q968_reference_document, 
Q969_keywords, 
Q969_paragraph(s)_number, 
Q969_question_answer, 
Q969_reference_document, 
Q96_keywords, 
Q96_paragraph(s)_number, 
Q96_question_answer, 
Q96_reference_document, 
Q972_keywords, 
Q972_paragraph(s)_number, 
Q972_question_answer, 
Q972_reference_document, 
Q974_keywords, 
Q974_paragraph(s)_number, 
Q974_question_answer, 
Q974_reference_document, 
Q975_keywords, 
Q975_paragraph(s)_number, 
Q975_question_answer, 
Q975_reference_document, 
Q979_keywords, 
Q979_paragraph(s)_number, 
Q979_question_answer, 
Q979_reference_document, 
Q981_keywords, 
Q981_paragraph(s)_number, 
Q981_question_answer, 
Q981_reference_document, 
Q985_keywords, 
Q985_paragraph(s)_number, 
Q985_question_answer, 
Q985_reference_document, 
Q986_keywords, 
Q986_paragraph(s)_number, 
Q986_question_answer, 
Q986_reference_document, 
Q987_keywords, 
Q987_paragraph(s)_number, 
Q987_question_answer, 
Q987_reference_document, 
Q988_keywords, 
Q988_paragraph(s)_number, 
Q988_question_answer, 
Q988_reference_document, 
Q989_keywords, 
Q989_paragraph(s)_number, 
Q989_question_answer, 
Q989_reference_document, 
Q994_keywords, 
Q994_paragraph(s)_number, 
Q994_question_answer, 
Q994_reference_document, 
Q997_keywords, 
Q997_paragraph(s)_number, 
Q997_question_answer, 
Q997_reference_document, 
Q998_keywords, 
Q998_paragraph(s)_number, 
Q998_question_answer, 
Q998_reference_document, 
Q999_keywords, 
Q999_paragraph(s)_number, 
Q999_question_answer, 
Q999_reference_document, 
Q9_keywords, 
Q9_paragraph(s)_number, 
Q9_question_answer, 
Q9_reference_document, 
